source_url,blog_name,date_iso,title,vlax_core,vlax_context,is_vlax,vlax_match,media_count,fb_albums_count,yt_videos_count
https://www.fuit.gr/2021/10/takeaway.html,fuit.gr,2021-10-12T11:20:00.001+03:00,Χειμωνιάτικη προσφορά με καφεδάκι πακέτο και τσουρεκάκι MONO 2 ευρώ,False,True,True,fuit,3,0,0
https://www.fuit.gr/2021/02/blog-post.html,fuit.gr,2021-02-02T19:50:00.008+02:00,"""Έχουμε γλεντήσει σε πολλά πανηγύρια και δεν ντρεπόμαστε"" ",False,True,True,Γρεβενά,9,0,0
https://www.fuit.gr/2020/12/2020.html,fuit.gr,2020-12-28T21:00:00.006+02:00,ΑΝΑΣΚΟΠΗΣΗ 2020 - Κι όμως υπήρξαν και ωραίες στιγμές ,True,True,True,ΒΛΑΞ,27,0,0
https://www.fuit.gr/2019/05/streetart-grevena.html,fuit.gr,2020-12-08T16:22:00.001+02:00,"«Αν θες να γνωρίσεις μια πόλη, κοίτα τους τοίχους της»",False,True,True,fuit,24,0,0
https://www.fuit.gr/2020/11/fuit-hoodies.html,fuit.gr,2020-12-05T19:40:00.001+02:00,Ανάρπαστα τα νέα fuit hoodies ,False,True,True,fuit,8,0,0
https://www.fuit.gr/2020/09/fuit-art-cafe-ya-pindos-atletico.html,fuit.gr,2020-12-02T15:13:00.001+02:00,Στο fuit art cafe μέρος των γυρισμάτων του Εya - Pindos Atletico,False,True,True,fuit,1,0,1
https://www.fuit.gr/2020/11/blog-post.html,fuit.gr,2020-11-28T11:30:00.001+02:00,“Δεν αργεί η στιγμή να δούμε Έλληνα ή Ελληνίδα στην κορυφή”,False,True,True,Γρεβενά,8,0,0
https://www.fuit.gr/2020/09/1.html,fuit.gr,2020-09-08T14:49:00.007+03:00,1η θέση του πανελληνίου πρωταθλήματος στίβου για τη δική μας Ελένη Κουτσαλιάρη ,False,True,True,fuit,3,0,0
https://www.fuit.gr/2020/08/blog-post_29.html,fuit.gr,2020-08-29T18:02:00.002+03:00,Μας πήραν... χαμπάρι και στην ΚΑΘΗΜΕΡΙΝΗ,False,True,True,Γρεβενά,1,0,0
https://www.fuit.gr/2020/08/fuit-cafe-2020.html,fuit.gr,2020-08-29T17:44:00.013+03:00,Νέα διάκριση για το fuit στα κορυφαία cafe του κόσμου για το 2020 ,False,True,True,fuit,3,0,0
https://www.fuit.gr/2020/07/souvenir.html,fuit.gr,2020-07-08T12:39:00.004+03:00,Αναμνηστικές κούπες fuit ,False,True,True,fuit,1,0,0
https://www.fuit.gr/2020/07/kleomenis.html,fuit.gr,2020-07-08T12:35:00.003+03:00,Έκθεση φωτογραφίας του Κλ. Νικόπουλου ,False,True,True,Fuit,6,0,0
https://www.fuit.gr/2020/05/7th-balkanita-festival.html,fuit.gr,2020-05-17T20:48:00.001+03:00,7th Balkanita Festival,False,False,False,,1,0,0
https://www.fuit.gr/2019/11/fuit-art-cafe.html,fuit.gr,2020-05-04T02:00:00.000+03:00,Τα ΑΠΑΝΤΑ του Στέργιου Χατζηκυριακίδη στο fuit art cafe,False,True,True,fuit,4,0,0
https://www.fuit.gr/2019/10/fuit-surf.html,fuit.gr,2020-04-05T21:29:00.000+03:00,ΝΕΑ χειροποίητα μπρελόκ fuit - φινάκια surf ,False,True,True,fuit,3,0,0
https://www.fuit.gr/2020/01/photoexcibition.html,fuit.gr,2020-04-05T14:18:00.000+03:00,Έκθεση φωτογραφίας των προσφύγων των Γρεβενών ,False,True,True,Γρεβενά,6,0,1
https://www.fuit.gr/2020/01/chocolate.html,fuit.gr,2020-02-01T13:41:00.000+02:00,Σοκολατάκια με γκοφρέτες και σοκολάτα!,False,True,True,fuit,3,0,0
https://www.fuit.gr/2020/01/manitarock-vol14.html,fuit.gr,2020-01-13T20:23:00.001+02:00,MANITAROCK vol.14,False,True,True,vol.,1,0,0
https://www.fuit.gr/2020/01/vol04.html,fuit.gr,2020-01-13T20:20:00.002+02:00,ΒΛΑΞ vol.04.,True,True,True,ΒΛΑΞ,1,0,0
https://www.fuit.gr/2020/01/live.html,fuit.gr,2020-01-13T20:18:00.003+02:00,ΕΝΑΡΕ live,False,False,False,,1,0,0
https://www.fuit.gr/2019/11/invented-memories-live.html,fuit.gr,2019-11-26T15:12:00.000+02:00,Γιώργος Αβραμίδης & Invented Memories live,False,True,True,fuit,4,0,0
https://www.fuit.gr/2019/11/1o-volley-camp.html,fuit.gr,2019-11-25T02:00:00.000+02:00,1o ΧΡΙΣΤΟΥΓΕΝΝΙΑΤΙΚΟ VOLLEY CAMP - ΕΥΑ ΧΑΝΤΑΒΑ ,False,True,True,Γρεβενά,1,0,0
https://www.fuit.gr/2019/11/movie.html,fuit.gr,2019-11-19T02:30:00.000+02:00,"Προβολή ταινίας «¡Yallah! ¡Yallah!: Ποδόσφαιρο, Πάθος και Αντίσταση!»",False,True,True,fuit,1,0,0
https://www.fuit.gr/2019/11/jazz-trio-live.html,fuit.gr,2019-11-07T18:59:00.002+02:00,Jazz Trio Live,False,False,False,,1,0,0
https://www.fuit.gr/2019/11/live.html,fuit.gr,2019-11-07T18:58:00.001+02:00,Βαβλιάρας - Μιχαήλ live,False,False,False,,1,0,0
https://www.fuit.gr/2019/10/fuit-art-cafe.html,fuit.gr,2019-10-17T12:30:00.000+03:00,Κυριακή 27 Οκτωβρίου - Απογευματινό γλέντι ,False,True,True,fuit,2,0,0
https://www.fuit.gr/2019/09/tusso.html,fuit.gr,2019-09-24T17:26:00.000+03:00,TUSSO Espresso με ελληνικό... DNA σε επιλεγμένα  καταστήματα Delicatessen,False,True,True,fuit,9,0,0
https://www.fuit.gr/2019/09/tshirt.html,fuit.gr,2019-09-16T12:32:00.000+03:00,Κυκλοφόρησαν τα νεά t-shirt FU(ck)IT,False,True,True,fuit,3,0,0
https://www.fuit.gr/2019/08/fuit-spot.html,fuit.gr,2019-08-21T12:27:00.002+03:00,Fuit art cafe... Κορυφαίο cafe της πόλης και πρώτη θέση και στο Restaurant Guru ,False,True,True,Fuit,4,0,0
https://www.fuit.gr/2019/08/street-food.html,fuit.gr,2019-08-05T14:27:00.000+03:00,Απογευματινό γλέντι και... street food,False,True,True,fuit,2,0,0
https://www.fuit.gr/2019/07/7-fuit-pindos-atletico-live.html,fuit.gr,2019-07-28T18:47:00.001+03:00,7 χρόνια Fuit με Pindos Atletico Live!,False,True,True,Fuit,1,0,0
https://www.fuit.gr/2019/07/blog-post.html,fuit.gr,2019-07-19T14:16:00.001+03:00,"""Υπέρτατη τιμή ένα μετάλλιο με την εθνική""",False,True,True,Γρεβενά,8,0,0
https://www.fuit.gr/2019/06/diagonismos.html,fuit.gr,2019-07-18T21:30:00.000+03:00,ΝΙΚΗΤΕΣ ΔΙΑΓΩΝΙΣΜΟΥ TRIE - 7 ΧΡΟΝΙΑ FUIT,False,True,True,FUIT,3,0,0
https://www.fuit.gr/2019/07/7-fuit-art-cafe.html,fuit.gr,2019-07-18T14:25:00.001+03:00,7 χρόνια FUIT ART CAFE,False,True,True,FUIT,15,0,0
https://www.fuit.gr/2019/06/pindos-atletico.html,fuit.gr,2019-06-21T12:24:00.001+03:00,7 ΧΡΟΝΙΑ FUIT - PINDOS ATLETICO LIVE ,False,True,True,FUIT,2,0,0
https://www.fuit.gr/2019/06/7-fuit-art-cafe-all-day-party.html,fuit.gr,2019-06-20T13:46:00.001+03:00,7 ΧΡΟΝΙΑ FUIT ART CAFE - All day party,False,True,True,FUIT,5,0,0
https://www.fuit.gr/2019/06/petrakis.html,fuit.gr,2019-06-18T15:04:00.000+03:00,“Η αναπηρία πρέπει να είναι... πλεονέκτημα”,False,True,True,Βασιλίτσα,11,0,0
https://www.fuit.gr/2019/06/kerasopita.html,fuit.gr,2019-06-17T14:05:00.000+03:00,Σπιτική ΚΕΡΑΣΟΠΙΤΑ,False,False,False,,6,0,0
https://www.fuit.gr/2019/06/towels.html,fuit.gr,2019-06-12T13:26:00.001+03:00,Καλοκαιρινές πετσέτες fuit ,False,True,True,fuit,9,0,0
https://www.fuit.gr/2019/06/takis-kitsioulis-live.html,fuit.gr,2019-06-06T16:02:00.001+03:00,Takis Kitsioulis live,False,True,True,Fuit,1,0,0
https://www.fuit.gr/2019/06/malamas.html,fuit.gr,2019-06-06T13:08:00.001+03:00,Ξεκίνησε η προπώληση για τη συναυλία του Μάλαμα στα Γρεβενά ,False,True,True,Γρεβενά,3,0,0
https://www.fuit.gr/2019/06/manitarogiorti.html,fuit.gr,2019-06-04T15:28:00.003+03:00,5η συνάντηση Μανιταρόφιλων για την Πανελλήνια Μανιταρογιορτή ,False,True,True,Γρεβενά,2,0,0
https://www.fuit.gr/2019/06/cookies.html,fuit.gr,2019-06-03T16:07:00.000+03:00,Σπιτικά Cookies με κομμάτια σοκολάτας,False,True,True,fuit,3,0,0
https://www.fuit.gr/2019/05/tripadvisor.html,fuit.gr,2019-05-29T13:33:00.001+03:00,Δεύτερη συνεχόμενη χρονιά Πιστοποιητικό διάκρισης στο tripadvisor για το Fuit ,False,True,True,Fuit,2,0,0
https://www.fuit.gr/2019/05/non-serviam-rotting-christ-fuit.html,fuit.gr,2019-05-27T15:21:00.000+03:00,NON SERVIAM - ROTTING CHRIST η επίσημη βιογραφία αποκλειστικά στο fuit,False,True,True,fuit,3,0,1
https://www.fuit.gr/2019/05/7-years-fuit-art-cafe-video.html,fuit.gr,2019-05-27T14:38:00.000+03:00,7 years Fuit Art Cafe (video),False,True,True,Fuit,1,0,1
https://www.fuit.gr/2019/05/kitsioulis.html,fuit.gr,2019-05-21T16:30:00.000+03:00,Σάββατο 25 Μαϊου - ΚΙΤΣΙΟΥΛΗΣ... ΔΑΓΚΩΤΟ ,False,True,True,fuit,3,0,0
https://www.fuit.gr/2019/05/pcp.html,fuit.gr,2019-05-21T16:15:00.000+03:00,ΝΙΚΗΤΕΣ ΔΙΑΓΩΝΙΣΜΟΥ PCP,False,True,True,fuit,2,0,0
https://www.fuit.gr/2019/05/kraniou.html,fuit.gr,2019-05-18T13:54:00.000+03:00,"Αλέξης Κρανίου: ""Το fuit κάνει γνωστά τα Γρεβενά στο εξωτερικό""",False,True,True,fuit,1,0,0
https://www.fuit.gr/2019/04/filter-coffee-not-people.html,fuit.gr,2019-05-18T13:52:00.000+03:00,"Filter coffee, not people!",False,True,True,Γρεβενά,11,0,0
https://www.fuit.gr/2019/05/eisvoleas.html,fuit.gr,2019-05-18T12:44:00.000+03:00,"Εισβολέας: ""Το πιο υπέροχο στενό της πόλης""",False,True,True,Γρεβενά,1,0,0
https://www.fuit.gr/2019/05/konstantis-pistiolis-vol04.html,fuit.gr,2019-05-17T15:12:00.003+03:00,Κωσταντής Πιστιόλης vol.04,False,True,True,vol.,1,0,0
https://www.fuit.gr/2019/05/katsarini.html,fuit.gr,2019-05-16T14:21:00.000+03:00,"Χρύσα Κατσαρίνη: ""Το fuit είναι χώρος που αφήνει το στίγμα του στην πόλη""",False,True,True,fuit,1,0,0
https://www.fuit.gr/2019/05/to-fuit-1o-igloo-project.html,fuit.gr,2019-05-15T15:00:00.000+03:00,To fuit χορηγός στο 1o επίσημο Igloo Project στη Βασιλίτσα (video),False,True,True,fuit,11,0,1
https://www.fuit.gr/2019/05/eva-hantava.html,fuit.gr,2019-05-15T00:00:00.000+03:00,"""Μακάρι να δούμε μια ομάδα από τα Γρεβενά στην Α1""",False,True,True,Γρεβενά,8,0,0
https://www.fuit.gr/2019/05/oreo.html,fuit.gr,2019-05-14T12:30:00.000+03:00,Τάρτα OREO χωρίς ψήσιμο ,False,True,True,fuit,2,0,0
https://www.fuit.gr/2019/05/fuit-video-pistiolis.html,fuit.gr,2019-05-13T17:45:00.001+03:00,Γλέντι με τον Πιστιόλη στο fuit (video),False,True,True,fuit,1,0,2
https://www.fuit.gr/2019/05/stand-up-comedy.html,fuit.gr,2019-05-12T00:00:00.000+03:00,Stand Up Comedy στο fuit,False,True,True,fuit,2,0,0
https://www.fuit.gr/2019/05/refugees.html,fuit.gr,2019-05-05T15:45:00.001+03:00,Υποστηρίζουμε την Καλλιτεχνική Oμάδα Προσφύγων Γρεβενών,False,True,True,Fuit,2,0,0
https://www.fuit.gr/2019/05/pistiolis.html,fuit.gr,2019-05-03T18:41:00.000+03:00,Απογευματινό γλέντι με τον Κωσταντή Πιστιόλη - Σάββατο 04 Μαϊου,False,True,True,fuit,3,0,0
https://www.fuit.gr/2019/05/support-fuit.html,fuit.gr,2019-05-01T18:44:00.001+03:00,Στο πλευρό των... πρωταθλητών,False,True,True,fuit,27,0,0
https://www.fuit.gr/2019/04/baildsa.html,fuit.gr,2019-04-30T21:24:00.002+03:00,"BAILDSA: ""Εντός έδρας... ΠΟΛΕΜΟΣ""",False,True,True,Fuit,2,0,0
https://www.fuit.gr/2019/04/pancakes-spitika-fuit.html,fuit.gr,2019-04-27T11:55:00.001+03:00,Σπιτικά pancakes,False,True,True,fuit,10,0,0
https://www.fuit.gr/2019/04/human-touch-live.html,fuit.gr,2019-04-22T12:48:00.000+03:00,Human Touch live,False,False,False,,1,0,0
https://www.fuit.gr/2019/04/cayetano.html,fuit.gr,2019-04-18T21:25:00.000+03:00,"CAYETANO: ""Δεύτερο σπίτι μου""",False,True,True,FUIT,1,0,0
https://www.fuit.gr/2019/03/opera-chaotique.html,fuit.gr,2019-04-12T21:32:00.000+03:00,"Opera Chaotique: ""FUIT... Πυρσάρα, μανιτάρια και Rotting Christ""",False,True,True,FUIT,1,0,0
https://www.fuit.gr/2019/04/souvenir-fuit.html,fuit.gr,2019-04-10T21:59:00.000+03:00,Καλοκαιρινά T-SHIRT fuit ,False,True,True,fuit,6,0,0
https://www.fuit.gr/2019/04/maria-papageorgiou.html,fuit.gr,2019-04-10T21:27:00.000+03:00,"Μαρία Παπαγεωργίου: ""Χώρος που παράγει πολιτισμό""",False,True,True,Fuit,1,0,0
https://www.fuit.gr/2019/04/filozoiki-grevenon-fuit.html,fuit.gr,2019-04-03T21:49:00.000+03:00,Στο πλευρό της Φιλοζωικής ομάδας Γρεβενών,False,True,True,fuit,2,0,0
https://www.fuit.gr/2019/03/giorgos-avramidis.html,fuit.gr,2019-03-31T21:29:00.000+03:00,"Γιώργος Αβραμίδης – ΕΠΙΣΚΕΠΤΕΣ: ""Πολιτιστική όαση""",False,True,True,fuit,1,0,0
https://www.fuit.gr/2019/03/baildsa-live.html,fuit.gr,2019-03-28T12:50:00.000+02:00,Baildsa live,False,False,False,,1,0,0
https://www.fuit.gr/2019/03/babis-batmanidis-company.html,fuit.gr,2019-03-21T12:52:00.000+02:00,Babis Batmanidis Co(m)pany,False,False,False,,1,0,0
https://www.fuit.gr/2019/03/tarzan-bross.html,fuit.gr,2019-03-19T21:30:00.000+02:00,"Tarzan Bross: ""Οι ΠΙΟ φιλόξενοι άνθρωποι""",False,False,False,,1,0,0
https://www.fuit.gr/2019/03/12os-pithikos-live.html,fuit.gr,2019-03-18T12:55:00.000+02:00,12ος ΠΙΘΗΚΟΣ live,False,False,False,,1,0,0
https://www.fuit.gr/2019/03/pasqualle-brass-band.html,fuit.gr,2019-03-16T12:52:00.000+02:00,PASQUALLE brass band,False,False,False,,1,0,0
https://www.fuit.gr/2019/04/fuit-press.html,fuit.gr,2019-02-26T21:48:00.000+02:00,Έγραψαν για μας,False,True,True,fuit,17,0,0
https://www.fuit.gr/2019/02/kostas-poulis.html,fuit.gr,2019-02-14T21:33:00.000+02:00,"Κώστας Πουλής: ""Πρέπει να παίξεις εδώ"" ",False,True,True,Fuit,1,0,0
https://www.fuit.gr/2018/12/grover.html,fuit.gr,2018-12-26T21:24:00.000+02:00,ΓΚΡΟΒΕΡ...,False,True,True,fuit,1,0,0
https://www.fuit.gr/2018/12/hoodies.html,fuit.gr,2018-12-20T13:37:00.000+02:00,FU(I)ΤΕΡΑΚΙΑ ,False,False,False,,6,0,0
https://www.fuit.gr/2018/12/fuit-art-cafe-presveira-kouvas.html,fuit.gr,2018-12-02T19:07:00.000+02:00,Η πρέσβειρα της Κούβας στο fuit art cafe,False,True,True,fuit,5,0,0
https://www.fuit.gr/2018/11/to-xroniko-tis-diktatorias-1967-1974.html,fuit.gr,2018-11-15T19:02:00.000+02:00,"Προβολή Ντοκιμαντέρ ""Το χρονικό της δικτατορίας 1967-1974"" του Π. Βούλγαρη.",False,True,True,fuit,3,0,0
https://www.fuit.gr/2018/08/live-matoula-zamani.html,fuit.gr,2018-08-04T12:57:00.000+03:00,Ματούλα Ζαμάνη live,False,True,True,fuit,1,0,0
https://www.fuit.gr/2018/05/rebetiki-vradia.html,fuit.gr,2018-05-10T12:58:00.000+03:00,Ρεμπέτικη βραδιά,False,True,True,fuit,1,0,0
https://www.fuit.gr/2019/04/fuit-enas-kafes-se-perimenei-grevena.html,fuit.gr,2018-05-08T18:24:00.000+03:00,Ένας καφές σε περιμένει στο fuit,False,True,True,fuit,2,0,0
https://www.fuit.gr/2018/03/hat.html,fuit.gr,2018-03-03T13:48:00.000+02:00,Καπέλα fuit και fuckit ,False,True,True,fuit,11,0,0
https://www.fuit.gr/2018/02/5th-balkanita-festival.html,fuit.gr,2018-02-20T13:00:00.000+02:00,5th Balkanita festival,False,True,True,vol.,1,0,0
https://www.fuit.gr/2018/01/konstantis-pistiolis-vol03.html,fuit.gr,2018-01-12T13:03:00.000+02:00,Κωσταντής Πιστιόλης vol.03,False,True,True,vol.,1,0,0
https://www.fuit.gr/2017/12/pasqualle-brass-band.html,fuit.gr,2017-12-28T13:02:00.000+02:00,Pasqualle Brass Band,False,False,False,,1,0,0
https://www.fuit.gr/2017/11/eisvoleas-live.html,fuit.gr,2017-11-17T13:05:00.000+02:00,ΕΙΣΒΟΛΕΑΣ LIVE,False,False,False,,1,0,0
https://www.fuit.gr/2017/10/punk-jazz-live.html,fuit.gr,2017-10-04T13:06:00.000+03:00,Punk jazz live,False,False,False,,1,0,0
https://www.fuit.gr/2017/07/fuit-konstatis-pistiolis.html,fuit.gr,2017-07-10T13:08:00.000+03:00,Κωσταντής Πιστιόλης στο fuit,False,True,True,fuit,1,0,0
https://www.fuit.gr/2017/07/manitarock-vol11.html,fuit.gr,2017-07-03T13:10:00.000+03:00,Manitarock Vol.11,False,True,True,Vol.,1,0,0
https://www.fuit.gr/2017/06/irene-rainbowsoul-1906.html,fuit.gr,2017-06-19T13:11:00.000+03:00,Irene & rainbowsoul 19/06,False,False,False,,1,0,0
https://www.fuit.gr/2017/05/sancho-003-live.html,fuit.gr,2017-05-19T13:45:00.000+03:00,Sancho 003 live,False,True,True,fuit,1,0,0
https://www.fuit.gr/2019/06/keys.html,fuit.gr,2017-03-02T14:09:00.000+02:00,FUIT - SURF - SNOWBOARD,False,True,True,FUIT,6,0,0
https://www.fuit.gr/2017/02/baildsa.html,fuit.gr,2017-02-25T13:14:00.000+02:00,Baildsa,False,False,False,,1,0,0
https://www.fuit.gr/2017/02/folk-n-roll.html,fuit.gr,2017-02-24T13:13:00.000+02:00,Folk n Roll,False,False,False,,1,0,0
https://www.fuit.gr/2017/01/manitarock-vol09.html,fuit.gr,2017-01-02T13:46:00.000+02:00,Manitarock vol.09,False,True,True,vol.,1,0,0
https://www.fuit.gr/2016/06/xristos-sotirakopoulos-fuit.html,fuit.gr,2016-06-24T21:44:00.000+03:00,Ο Χρήστος Σωτηρακόπουλος στα Γρεβενά ,False,True,True,Γρεβενά,1,0,0
https://www.fuit.gr/2016/06/manitarock-vol07.html,fuit.gr,2016-06-09T13:44:00.000+03:00,Manitarock vol.07,False,True,True,vol.,1,0,0
https://www.fuit.gr/2016/05/manitarock-live-vol06.html,fuit.gr,2016-05-13T13:43:00.000+03:00,Manitarock live- vol.06,False,True,True,vol.,1,0,0
https://www.fuit.gr/2016/03/baildsa-live-fuit-art-cafe.html,fuit.gr,2016-03-23T13:52:00.000+02:00,Baildsa live @ fuit art cafe,False,True,True,fuit,1,0,0
https://www.fuit.gr/2015/12/manitarock-live-vol5.html,fuit.gr,2015-12-28T13:53:00.000+02:00,Manitarock LIve VOL.5,False,True,True,VOL.,1,0,0
https://www.fuit.gr/2015/12/baildsa-live-241215.html,fuit.gr,2015-12-24T13:48:00.000+02:00,BAILDSA live 24/12/15,False,True,True,fuit,1,0,0
https://www.fuit.gr/2013/12/beanies.html,fuit.gr,2015-12-24T13:13:00.000+02:00,Σκουφάκια fuit σε 4 υπέροχα χρώματα,False,True,True,fuit,4,0,0
https://www.fuit.gr/2015/12/blog-post.html,fuit.gr,2015-12-08T17:23:00.000+02:00,"Γνώρισε το Σκύλο σου, Άλλαξε τη Ζωή σου",False,True,True,fuit,3,0,1
https://www.fuit.gr/2015/12/allilegii-stous-prosfyges.html,fuit.gr,2015-12-03T19:36:00.000+02:00,Αλληλεγγύη στους πρόσφυγες,False,True,True,fuit,11,0,0
https://www.fuit.gr/2015/10/4-manitarock-live-271015.html,fuit.gr,2015-10-27T22:12:00.000+02:00,4ο Manitarock live... Πόλεμος 27/10/15,False,False,False,,1,0,0
https://www.fuit.gr/2015/06/live-fuit-pliri-ntaxei.html,fuit.gr,2015-06-16T22:14:00.000+03:00,ΠΛΗΡΗ ΝΤΑΞΕΙ live στο fuit,False,True,True,fuit,1,0,0
https://www.fuit.gr/2015/06/smoke.html,fuit.gr,2015-06-13T13:18:00.000+03:00,Χειροποίητες Καπνοθήκες ,False,False,False,,6,0,0
https://www.fuit.gr/2015/04/konstantinos-tzoumas-fuit.html,fuit.gr,2015-04-04T21:12:00.000+03:00,Ο Κωσταντίνος Τζούμας στο fuit ,False,True,True,fuit,1,0,0
https://www.fuit.gr/2015/03/johny-carbonaras-live-fuit-art-cafe.html,fuit.gr,2015-03-24T13:50:00.000+02:00,Johny Carbonaras live @ fuit art cafe,False,True,True,fuit,1,0,0
https://www.fuit.gr/2015/03/folk-n-roll-fuit-art-cafe.html,fuit.gr,2015-03-15T13:51:00.000+02:00,Folk n Roll @ Fuit art cafe,False,True,True,Fuit,1,0,0
https://www.fuit.gr/2015/02/baildsa-zvarna-live-fuit-2015.html,fuit.gr,2015-02-24T22:15:00.000+02:00,Baildsa Zvarna LIVE στο fuit 2015,False,True,True,fuit,1,0,0
https://www.fuit.gr/2019/04/fuit-art-cafe-vs-ethniki-omada-astegon.html,fuit.gr,2014-11-28T18:55:00.000+02:00,fuit art cafe vs Εθνική Ομάδα Άστεγων,False,True,True,fuit,1,0,0
https://www.fuit.gr/2014/03/mitsos-poulikakos-live.html,fuit.gr,2014-03-28T22:17:00.000+02:00,ΜητS.O.S ΠΟΥΛΙΚΑΚΟΣ LIVE,False,False,False,,1,0,0
https://www.fuit.gr/2014/02/live-psarogiorgis.html,fuit.gr,2014-02-13T22:18:00.000+02:00,Ψαρογιώργης LIVE,False,True,True,fuit,1,0,0
https://www.fuit.gr/2013/11/live-xairetis-mpaharidis.html,fuit.gr,2013-11-18T22:22:00.000+02:00,ΧΑΙΡΕΤΗΣ - ΜΠΑΧΑΡΙΔΗΣ live,False,False,False,,1,0,0
https://www.fuit.gr/2013/09/honey.html,fuit.gr,2013-09-18T13:42:00.000+03:00,Μέλι Βελανιδιάς ,False,False,False,,3,0,0
https://www.fuit.gr/2013/09/oghene-kologbo-live.html,fuit.gr,2013-09-16T22:21:00.000+03:00,Oghene Kologbo LIVE,False,True,True,Party,1,0,0
https://www.fuit.gr/2016/08/keys.html,fuit.gr,2013-08-25T13:58:00.000+03:00,Χειροποίητα σκαντζοχοιράκια μπρελόκ ,False,False,False,,6,0,0
https://www.fuit.gr/2013/03/de-sades-fuit-art-cafe.html,fuit.gr,2013-03-15T22:20:00.000+02:00,De Sades @ fuit art cafe,False,True,True,fuit,1,0,0
https://www.fuit.gr/2013/02/prostidudes-live-fuit-art-cafe.html,fuit.gr,2013-02-13T22:24:00.000+02:00,Prostidudes LIVE @ fuit art cafe,False,True,True,fuit,1,0,0
https://www.fuit.gr/2013/01/balarom-trio-live-fuit-art-cafe.html,fuit.gr,2013-01-05T22:07:00.000+02:00,Balarom Trio LIVE @ fuit art cafe,False,True,True,fuit,1,0,0
https://www.fuit.gr/2012/12/live-fuit-art-cafe-maria-papageorgiou.html,fuit.gr,2012-12-12T22:05:00.000+02:00,Μαρία Παπαγεωργίου LIVE @ fuit art cafe,False,True,True,fuit,1,0,0
https://www.fuit.gr/2012/11/nikos-hatzis-at-fuit-art-cafe.html,fuit.gr,2012-11-02T22:02:00.000+02:00,Nikos Hatzis at fuit art cafe,False,True,True,fuit,1,0,0
https://www.fuit.gr/2012/10/live-yposistima.html,fuit.gr,2012-10-29T22:04:00.000+02:00,υποσύστημα live ,False,False,False,,1,0,0
https://www.fuit.gr/2012/10/fuit-art-cafe-takis-kitsioulis.html,fuit.gr,2012-10-29T22:01:00.000+02:00,Απίστευτη βραδιά με ΤΑΚΗ ΚΙΤΣΙΟΥΛΗ στο fuit art cafe,False,True,True,fuit,1,0,0
https://www.fuit.gr/2012/10/blog-post.html,fuit.gr,2012-10-18T12:58:00.000+03:00,ΟΙΝΟΣ ΕΡΥΘΡΟΣ ΞΗΡΟΣ ,False,True,True,fuit,8,0,0
https://www.fuit.gr/2015/01/contact-fuit-grevena.html,fuit.gr,2010-01-01T12:08:00.000+02:00,Επικοινωνία,False,False,False,,2,0,0
https://www.fuit.gr/2019/02/about-fuit-grevena.html,fuit.gr,2010-01-01T12:04:00.000+02:00,About us,False,True,True,φούιτ,3,0,0
https://www.fuitwashere.gr/2025/02/snapback-trucker-hat.html,fuitwashere.gr,2025-02-13T03:38:00.000-08:00,Snapback Trucker Hat ,False,False,False,,8,0,0
https://www.fuitwashere.gr/2025/02/unisex-socks-fuckit.html,fuitwashere.gr,2025-02-09T02:50:00.001-08:00,Unisex Socks - FU(ck)IT ,False,False,False,,6,0,0
https://www.fuitwashere.gr/2025/03/6th-radical-party-grevena-vasilitsa.html,fuitwashere.gr,2025-01-19T03:32:00.000-08:00,6th Radical Party - GREVENA Vasilitsa ,True,True,True,Radical Party,34,0,0
https://www.fuitwashere.gr/2024/12/blog-post.html,fuitwashere.gr,2024-12-12T02:52:00.000-08:00,VASILITSA 24-25/01 - Ράντικαλ Πάρτι,True,True,True,Ράντικαλ,2,0,0
https://www.fuitwashere.gr/2024/07/accessories-make-everything-better.html,fuitwashere.gr,2024-07-12T01:51:00.000-07:00,Accessories make everything better ,False,True,True,Fuit,11,0,0
https://www.fuitwashere.gr/2024/06/fuit-was-here-tank-tops.html,fuitwashere.gr,2024-06-09T23:25:00.000-07:00,Fuit Was Here - Tank Tops,False,True,True,Fuit,8,0,0
https://www.fuitwashere.gr/2024/06/100-pure-adrenaline-tank-tops.html,fuitwashere.gr,2024-06-09T23:19:00.000-07:00,100% Pure Adrenaline - Tank Tops,False,False,False,,6,0,0
https://www.fuitwashere.gr/2024/06/radical-parties-van-tank-tops.html,fuitwashere.gr,2024-06-09T23:10:00.000-07:00,Radical Parties Van - Tank Tops ,False,False,False,,6,0,0
https://www.fuitwashere.gr/2024/06/terrace-project-thessaloniki.html,fuitwashere.gr,2024-06-09T22:34:00.000-07:00,Terrace Project - Thessaloniki ,False,True,True,Fuit,11,0,0
https://www.fuitwashere.gr/2024/05/lake-project-platanodasos-rymnio.html,fuitwashere.gr,2024-05-18T00:42:00.000-07:00,Lake Project - Platanodasos Rymnio ,False,True,True,Fuit,18,0,0
https://www.fuitwashere.gr/2024/07/5th-radical-party-athens-koukaki.html,fuitwashere.gr,2024-05-17T01:32:00.000-07:00,5th Radical Party - ATHENS Koukaki,True,True,True,Radical Party,8,0,0
https://www.fuitwashere.gr/2024/06/athens-0707-vol02.html,fuitwashere.gr,2024-05-16T04:54:00.000-07:00,Athens 07/07 - Ράντικαλ Πάρτι vol.02,True,True,True,Ράντικαλ,2,0,0
https://www.fuitwashere.gr/2024/05/enamel-camping-mug-new-100-pure.html,fuitwashere.gr,2024-05-15T09:00:00.000-07:00,Enamel Camping Mug - NEW - 100% Pure Adrenaline ,True,True,True,Radical Party,2,0,0
https://www.fuitwashere.gr/2024/03/red-alert-arahova-22670.html,fuitwashere.gr,2024-03-13T01:02:00.000-07:00,RED ALERT ΑΠΙΣΤΟΙ - ARAHOVA 22670,False,False,False,,12,0,0
https://www.fuitwashere.gr/2024/03/blog-post.html,fuitwashere.gr,2024-03-13T00:47:00.000-07:00,SURFING IS MY RELIGION - TINOS 22830,False,False,False,,13,0,0
https://www.fuitwashere.gr/2024/03/pame-ligo-ikaria-22753.html,fuitwashere.gr,2024-03-13T00:44:00.000-07:00,PAME LIGO - IKARIA 22753,False,False,False,,14,0,0
https://www.fuitwashere.gr/2024/02/place-to-be-new-project.html,fuitwashere.gr,2024-02-18T01:32:00.000-08:00,PLACE TO BE... New Project ,False,False,False,,4,0,0
https://www.fuitwashere.gr/2024/01/4th-radical-party-vasilitsa-grevena.html,fuitwashere.gr,2024-01-25T01:26:00.000-08:00,4th Radical Party - Vasilitsa Grevena,True,True,True,Radical Party,18,0,0
https://www.fuitwashere.gr/2023/11/blog-post.html,fuitwashere.gr,2023-12-20T06:07:00.000-08:00,Hoodie Season ,False,False,False,,6,0,0
https://www.fuitwashere.gr/2023/12/lucky-charms-enamel-pins.html,fuitwashere.gr,2023-12-15T04:17:00.000-08:00,Lucky Charms - Enamel Pins ,False,False,False,,5,0,0
https://www.fuitwashere.gr/2023/11/winter-beanies-fuckit.html,fuitwashere.gr,2023-11-24T02:56:00.000-08:00,Winter Beanies - FUCKIT,False,False,False,,5,0,0
https://www.fuitwashere.gr/2023/11/fuit-was-here-winter-t-shirt-collection.html,fuitwashere.gr,2023-11-24T01:40:00.000-08:00,Fuit Was Here - Winter T-Shirt Collection,False,True,True,Fuit,4,0,0
https://www.fuitwashere.gr/2023/11/fuit-was-here-t-shirt-black.html,fuitwashere.gr,2023-11-23T15:39:00.000-08:00,Fuit Was Here - T-Shirt - Black ,False,True,True,Fuit,2,0,0
https://www.fuitwashere.gr/2023/11/snapback-hat-fuckit-black.html,fuitwashere.gr,2023-11-21T07:11:00.000-08:00,Snapback Hat - Fuckit - Black,False,False,False,,6,0,0
https://www.fuitwashere.gr/2023/11/tracker-hat-fuckit-black.html,fuitwashere.gr,2023-11-20T07:04:00.000-08:00,Tracker Hat - Fuckit - Black ,False,False,False,,6,0,0
https://www.fuitwashere.gr/2023/11/hoodie-season-think-pink.html,fuitwashere.gr,2023-11-16T00:28:00.000-08:00,Hoodie Season - Think PINK 🩷,False,False,False,,5,0,0
https://www.fuitwashere.gr/2023/11/hoodie-season-feel-black.html,fuitwashere.gr,2023-11-16T00:18:00.000-08:00,Hoodie Season - Feel BLACK 🖤,False,False,False,,4,0,0
https://www.fuitwashere.gr/2023/11/hoodie-season-live-white.html,fuitwashere.gr,2023-11-16T00:03:00.000-08:00,Hoodie Season - Live WHITE 🤍,False,False,False,,4,0,0
https://www.fuitwashere.gr/2023/11/fuit-was-here-unisex-t-shirts.html,fuitwashere.gr,2023-11-13T00:30:00.000-08:00,Fuit Was Here - Unisex T-Shirts ,False,True,True,Fuit,9,0,0
https://www.fuitwashere.gr/2023/11/crop-top-black.html,fuitwashere.gr,2023-11-09T15:04:00.000-08:00,Crop Tops - Black ,False,True,True,Fuit,8,0,0
https://www.fuitwashere.gr/2023/11/vasilitsa-19-2001.html,fuitwashere.gr,2023-11-09T07:20:00.000-08:00,VASILITSA 19-20/01 - Ράντικαλ Πάρτι ,True,True,True,Ράντικαλ,2,0,0
https://www.fuitwashere.gr/2023/11/3rd-radical-party-elatochori-pierias.html,fuitwashere.gr,2023-11-05T15:24:00.000-08:00,3rd Radical Party - Elatochori Alseides boutique hotel ,True,True,True,Radical Party,17,0,0
https://www.fuitwashere.gr/2023/11/elatochori-0411.html,fuitwashere.gr,2023-11-03T15:42:00.000-07:00,Elatochori 04/11 - Ράντικαλ Πάρτι  ,True,True,True,Ράντικαλ,2,0,0
https://www.fuitwashere.gr/2023/07/fuit-was-here-t-shirts.html,fuitwashere.gr,2023-11-01T02:05:00.000-07:00,Fuit Was Here - T-shirts ,False,True,True,Fuit,7,0,0
https://www.fuitwashere.gr/2023/10/2nd-radical-party-thessaloniki.html,fuitwashere.gr,2023-10-02T10:31:00.000-07:00,2nd Radical Party - Thessaloniki Thermaikos Bar,True,True,True,Radical Party,56,0,0
https://www.fuitwashere.gr/2023/08/thessaloniki-0110.html,fuitwashere.gr,2023-08-29T02:32:00.001-07:00,THESSALONIKI 01/10 - Ράντικαλ Πάρτι ,True,True,True,Ράντικαλ,2,0,0
https://www.fuitwashere.gr/2023/06/blog-post.html,fuitwashere.gr,2023-06-23T04:19:00.006-07:00,Keep Vasilitsa Weird ,True,False,True,Live to Get Radical,2,0,0
https://www.fuitwashere.gr/2023/05/1st-radical-party-athens-koukaki.html,fuitwashere.gr,2023-05-18T00:58:00.008-07:00,1st Radical Party - ATHENS Koukaki ,True,True,True,Radical Party,47,0,0
https://www.fuitwashere.gr/2023/04/fuit-was-here-you-cant-stop-waves-tank.html,fuitwashere.gr,2023-05-03T22:38:00.000-07:00,You Can't Stop the Waves - Tank Tops ,False,False,False,,2,0,0
https://www.fuitwashere.gr/2023/04/fuit-was-here-tank-top-but-first-surfing.html,fuitwashere.gr,2023-04-26T23:20:00.002-07:00,But First Surfing - Tank Top,False,False,False,,2,0,0
https://www.fuitwashere.gr/2023/04/fuit-was-here-tumbler-bottle.html,fuitwashere.gr,2023-04-26T03:04:00.008-07:00,Tumbler Bottle - White,False,False,False,,10,0,0
https://www.fuitwashere.gr/2023/04/fuit-was-here-popsockets.html,fuitwashere.gr,2023-04-21T23:50:00.007-07:00,Popsockets,False,False,False,,8,0,0
https://www.fuitwashere.gr/2023/04/athens-1405.html,fuitwashere.gr,2023-04-19T14:53:00.000-07:00,ATHENS 14/05 - Ράντικαλ Πάρτι ,True,True,True,Ράντικαλ,4,0,0
https://www.fuitwashere.gr/2023/04/fuit-was-here-tote-bags.html,fuitwashere.gr,2023-04-17T11:48:00.016-07:00,Tote Bags ,False,True,True,Fuit,8,0,0
https://www.fuitwashere.gr/2023/03/fuit-was-here-no-friends-on-powder-days.html,fuitwashere.gr,2023-04-05T14:30:00.000-07:00,No Friends on Powder Days -T-Shirt White,False,True,True,Fuit,8,0,0
https://www.fuitwashere.gr/2023/04/fuit-was-here-our-people.html,fuitwashere.gr,2023-04-03T03:55:00.006-07:00,Fuit Was Here - Our People ,True,True,True,Live to Get Radical,4,0,0
https://www.fuitwashere.gr/2023/03/fuit-was-here-keep-vasilitsa-weird-t.html,fuitwashere.gr,2023-04-02T00:59:00.000-07:00,Keep Vasilitsa Weird -T-Shirt White ,False,True,True,Fuit,8,0,0
https://www.fuitwashere.gr/2023/03/fuit-was-in-thessaloniki.html,fuitwashere.gr,2023-04-01T13:15:00.002-07:00,Fuit was in Thessaloniki ,True,True,True,Live to Get Radical,4,0,0
https://www.fuitwashere.gr/2023/05/towels-fuit-was-here.html,fuitwashere.gr,2023-04-01T04:31:00.000-07:00,Towels - Fuit Was Here ,False,True,True,Fuit,9,0,0
https://www.fuitwashere.gr/2023/03/was-here-athens-snowboard_31.html,fuitwashere.gr,2023-03-30T03:30:00.002-07:00,Δημήτρης Κίτσιος was here - Athens - Snowboard ,False,False,False,,9,0,0
https://www.fuitwashere.gr/2023/03/was-here-athens-snowboard.html,fuitwashere.gr,2023-03-29T14:59:00.004-07:00,Ναυσικά Μησιοπούλου was here - Athens - Snowboard ,False,True,True,Βασιλίτσα,11,0,0
https://www.fuitwashere.gr/2023/03/was-here-thessaloniki-freestyle-football.html,fuitwashere.gr,2023-03-28T14:04:00.011-07:00,Χαριζόπουλος Γιάννης was here - Thessaloniki - Freestyle Football ,False,True,True,Γρεβενά,6,0,0
https://www.fuitwashere.gr/2022/12/thermos-travel-bottle-live-to-get.html,fuitwashere.gr,2023-03-20T11:48:00.002-07:00,Enamel Travel Bottle - White - Live to Get Radical,True,False,True,Live to Get Radical,6,0,0
https://www.fuitwashere.gr/2023/03/fuit-was-here-our-people_19.html,fuitwashere.gr,2023-03-19T07:05:00.006-07:00,Fuit Was Here - Our People ,True,True,True,Live to Get Radical,1,0,0
https://www.fuitwashere.gr/2023/03/fuit-was-in-cyprus.html,fuitwashere.gr,2023-03-18T03:21:00.008-07:00,Fuit was in Cyprus ,True,True,True,Live to Get Radical,3,0,0
https://www.fuitwashere.gr/2022/12/enamel-camping-mug-live-to-get-radical.html,fuitwashere.gr,2023-03-14T15:00:00.005-07:00,Enamel Camping Mug - White - Live to Get Radical ,True,False,True,Live to Get Radical,6,0,0
https://www.fuitwashere.gr/2023/03/fuit-was-here-our-people_13.html,fuitwashere.gr,2023-03-13T04:42:00.002-07:00,Fuit Was Here - Our People,True,True,True,Live to Get Radical,2,0,0
https://www.fuitwashere.gr/2022/12/fuckit.html,fuitwashere.gr,2023-03-12T08:30:00.007-07:00,Coffee Cup - Skull - Black/White  ,False,False,False,,3,0,0
https://www.fuitwashere.gr/2023/03/fuit-was-here-our-people.html,fuitwashere.gr,2023-03-11T02:20:00.003-08:00,Fuit Was Here - Our People ,True,True,True,Live to Get Radical,3,0,0
https://www.fuitwashere.gr/2023/03/fuit-was-in-rotterdam.html,fuitwashere.gr,2023-03-10T23:01:00.002-08:00,Fuit was in Rotterdam ,True,True,True,Live to Get Radical,3,0,0
https://www.fuitwashere.gr/2023/03/fuit-was-here-keep-vasilitsa-weird.html,fuitwashere.gr,2023-03-10T08:09:00.002-08:00,Fuit Was in Vasilitsa,True,True,True,Live to Get Radical,1,0,0
https://www.fuitwashere.gr/2023/03/fuit-was-here-hedgehog-beanies-pink.html,fuitwashere.gr,2023-03-05T13:24:00.015-08:00,Hedgehog Beanies - Pink ,False,True,True,Fuit,4,0,0
https://www.fuitwashere.gr/2023/03/fuit-was-here-hedgehog-beanies-black.html,fuitwashere.gr,2023-03-05T10:54:00.016-08:00,Hedgehog Beanies - Black,False,True,True,Fuit,4,0,0
https://www.fuitwashere.gr/2023/03/fuit-was-here-moments-aiani-kozanis.html,fuitwashere.gr,2023-03-05T10:47:00.006-08:00,Fuit Was Here - Our People,True,True,True,Live to Get Radical,3,0,0
https://www.fuitwashere.gr/2023/03/fuit-was-here-hedgehog-beanies-red-wine.html,fuitwashere.gr,2023-03-05T10:45:00.010-08:00,Hedgehog Beanies - Red Wine,False,True,True,Fuit,5,0,0
https://www.fuitwashere.gr/2023/03/fuit-was-here-fuit-beanies-red-wine.html,fuitwashere.gr,2023-03-04T13:38:00.002-08:00,Fuit Beanies - Red  ,False,True,True,Fuit,5,0,0
https://www.fuitwashere.gr/2023/02/blog-post.html,fuitwashere.gr,2023-03-04T09:30:00.001-08:00,Παντελής Γκουντάνος was here - Snowboard - Thessaloniki,False,True,True,Βασιλίτσα,5,0,0
https://www.fuitwashere.gr/2022/12/fuit-patches-set-3-items.html,fuitwashere.gr,2023-03-03T08:11:00.002-08:00,Patches - Black/White/Red,False,True,True,Fuit,1,0,0
https://www.fuitwashere.gr/2022/12/amboo-cups-fuckit.html,fuitwashere.gr,2023-03-02T08:09:00.002-08:00,Βamboo Cup - Brown ,False,False,False,,3,0,0
https://www.fuitwashere.gr/2022/10/blog-post.html,fuitwashere.gr,2023-01-01T06:47:00.000-08:00,About Us,True,True,True,LIVE TO GET RADICAL,1,0,0
https://www.fuitwashere.gr/2022/11/blog-post.html,fuitwashere.gr,2022-12-31T14:00:00.006-08:00,Επικοινωνία,False,False,False,,0,0,0
